Timestamp,Which best describes you?,How familiar are you with how Onlyfans works behind the scenes,How many OF creators have you subscribed to in total?,Roughly how much money have you spent on Onlyfans? (USD),What have you spent most of the money on?,What usually motivates you to subscribe?,Do you get what you're looking for when you go to these pages? ,How confident are you that you are actually talking to the model herself or himself? ,Where do you usually discover OnlyFans creators? ,Have you ever subscribed because an OF creator seemed especially real or accessible? ,"If you found that a creator's messages were being handled by a chatter or manager, how would you feel?",Do you think Onlyfans is mostly,Do you think creators are deceptive if they use chatters without telling subscribers?,"At what point does Onlyfans become a ""scam"" in your eyes?","In your own words, what is OnlyFans?",Do you personally struggle with p*rn addiction?,"If you've subscribed before, what makes you keep paying?","If you've stopped subscribing, what made you stop?",Have you ever felt deceived by a creator or chat experience? What happened?,There is a lot of p*rn on the internet- Why do you think people subscribe to Onlyfans? What makes it different?
3/16/2026 20:11:11,I am a current OnlyFans subscriber,3,20+,1000+,monthly subscriptions,"Sexual attraction to a creator, Emotional attraction to a creator., The explicit content., Curiosity.",Kind of,5,Friends/Word of Mouth,Yes,Slightly misled,"A form of online fantasy, sex work",Yes,"when maketing is exaggerated (""watch my hotdog video"" - there is no hotdog video), When pricing isn't clear","A paid content site, not all sexual but can be.",Maybe/Not sure,Attraction to a subscriber,Low posting frequency or not delivering on expectations.,"Yes, some things have been sent duplicated and I didn’t receive anything new.",The personal attraction to the creators. Which is lacking in every day life.
3/16/2026 20:16:19,"I have never subscribed, but have followed OF creators on social media",2,0,0,N/A,Sexual attraction to a creator,Kind of,1,Reddit,No,I already assume this was happening,sex work,No,When pricing isn't clear,Porn site where you have to pay money,Maybe/Not sure,,,,More parasocial
3/16/2026 20:20:34,I am a former Onlyfans subscriber,1,1-2,Under $50,monthly subscriptions,Curiosity.,Kind of,1,Instagram,No,I wouldn't care,"Entertainment, A form of online fantasy, sex work",Yes,"when maketing is exaggerated (""watch my hotdog video"" - there is no hotdog video), When pricing isn't clear",A site for custom sex work,Yes,I forget to stop paying ,"I just wanted to know what Only Fans was about. It was interesting for sure, but I’m not into objectifying people.",No,I think there’s an element of gambling on the platform. There’s the risk of spending money for a custom message and maybe sometimes one will be rewarded in a manner that they want. Not sure tho
3/16/2026 20:24:29,I am a former Onlyfans subscriber,2,1-2,Under $50,PPV messages.,"Sexual attraction to a creator, The explicit content., Curiosity.",No,2,P*rn Sites,No,I already assume this was happening,sex work,Yes,"When the person you're chatting with isn't the creator, When emotional intimacy is faked","Another way for people to wast money on porn, and an alternative to make money",Yes,,,,Probably the ability to chat with the sellers. Since it allows for parasocial interaction 
3/16/2026 20:26:26,I am a former Onlyfans subscriber,2,3-5,Under $50,monthly subscriptions,"Sexual attraction to a creator, Emotional attraction to a creator., The explicit content.",Kind of,3,P*rn Sites,No,I already assume this was happening,Entertainment,Yes,"when maketing is exaggerated (""watch my hotdog video"" - there is no hotdog video), When pricing isn't clear",a porn site more accessible and beneficial to the individual creator,No,,access to the same videos on 3rd party sites,,"it being the most popular for creators would logically lead it to be the most popular for viewers by proxy - but could also be because of the chatting aspect, or the overall accessibility, understandability, and overall convenience if the site's public interface"
3/16/2026 20:36:31,I am a current OnlyFans subscriber,1,20+,$500-1000,PPV messages.,Sexual attraction to a creator,No,1,P*rn Sites,Yes,I already assume this was happening,sex work,Yes,"When the person you're chatting with isn't the creator, when maketing is exaggerated (""watch my hotdog video"" - there is no hotdog video), When pricing isn't clear, When emotional intimacy is faked, When custom attention is not really custom","A platform where creators can make and sell adult content, with more control over the content then they would get in the adult industry.",Yes,,,,"Because of the idea of chatting to the creator, and if you have a particular attraction to this one creator."
3/16/2026 20:48:02,I am a former Onlyfans subscriber,2,6-10,$50-250,monthly subscriptions,"Sexual attraction to a creator, The explicit content.",Kind of,2,Instagram,Not sure,I already assume this was happening,sex work,Yes,"When the person you're chatting with isn't the creator, when maketing is exaggerated (""watch my hotdog video"" - there is no hotdog video), When pricing isn't clear",Conscientious consumption of porn ,No,Content value that seems commensurate with the cost of subscription ,"Cost, accessibility of free content online",,"It feels more personal, maybe slight para-social relationship "
3/16/2026 21:01:11,I am a former Onlyfans subscriber,1,1-2,$50-250,monthly subscriptions,Sexual attraction to a creator,Kind of,4,Reddit,Not sure,Slightly misled,sex work,Yes,When pricing isn't clear,Custom porn site,Maybe/Not sure,I like the content the creator puts out on youtube plus they are in the niche that gets me going,Cash constraints ,"Not really. I wish they would do more hard core stuff but they are honest that they aren't gonna do full on porn ""yet""",There is some fetish stuff that isn't really out there that much except behind a paywall. Plus seeing noodz of someone I watch on YouTube is hot
3/16/2026 21:09:08,"I have never subscribed, but have followed OF creators on social media",3,0,0,N/A,"Sexual attraction to a creator, Emotional attraction to a creator., The explicit content., Hype or social media buzz, Curiosity.",Yes,2,Instagram,No,I already assume this was happening,sex work,Yes,"When the person you're chatting with isn't the creator, when maketing is exaggerated (""watch my hotdog video"" - there is no hotdog video), When pricing isn't clear","Sex work online without actual penetration with the costumer,almost like selective porn in a way when you buy a certain porn CD back in the 2000s",Yes,N/A,N/A,N/A,"For how much a lot of the creators blend their page with a lot of male dominated hobbies in a way for example video games or anime’s and for having the stuff quite litterally shoved in your face if Instagram knows your a male you can’t 100% escape it, even if you hit not interested on the post."
3/16/2026 21:12:05,I am a former Onlyfans subscriber,2,20+,$50-250,monthly subscriptions,"Sexual attraction to a creator, Curiosity.",Kind of,1,TikTok,Yes,I already assume this was happening,A form of online fantasy,Not sure,"When the person you're chatting with isn't the creator, when maketing is exaggerated (""watch my hotdog video"" - there is no hotdog video)",A social media like patreon that got famous for porn,Maybe/Not sure,If the content was good,When I got bored,Never engaged much on chat,The mystique of the “everyday” woman creating erotic/pornographic content 
3/16/2026 21:39:41,I am a former Onlyfans subscriber,2,1-2,$250-$500,Custom content.,"Sexual attraction to a creator, The ability to talk with the creator",Kind of,1,Instagram,Yes,Very deceived,sex work,Yes,"When the person you're chatting with isn't the creator, when maketing is exaggerated (""watch my hotdog video"" - there is no hotdog video), When custom attention is not really custom",A sexy scam,Yes,Promise of future content or communication,Realizing the answers were fake or didn’t make sense given what I typed,Creator just couldn’t remember anything about me or the responses didn’t make sense given what I wrote,I think the promise to connect with the creator so it’s disappointing when that didn’t actually happen
3/16/2026 22:28:51,I am a former Onlyfans subscriber,4,1-2,0,N/A,Curiosity.,No,1,Instagram,No,I already assume this was happening,A form of online fantasy,Yes,"When the person you're chatting with isn't the creator, When emotional intimacy is faked, When custom attention is not really custom, Other",A dopamine trap that prays on the sexual wiring of (mostly) men. ,No,"I never paid, I barely used the platform to be honest. It was mostly curiosity.",I decided to take a firm stance on pornography.,Not really since I was never very engaged.,A false sense of connection and hope?
3/16/2026 22:51:24,I am a former Onlyfans subscriber,4,1-2,$50-250,monthly subscriptions,"Sexual attraction to a creator, The ability to talk with the creator, Curiosity.",No,1,Google Search,Yes,I already assume this was happening,sex work,Yes,"When the person you're chatting with isn't the creator, When pricing isn't clear, When emotional intimacy is faked, When custom attention is not really custom, Other",Modern day scam with courtisans,No,,Model claimed to be not a chatter. It was a lie that was quick to uncover. You can't be on 24/7.,The model may have been online chatting BUT once popularity was up...She claimed to be there. Also said OF was first... The saw old cam girl profile/reels/photos. ,"OF promises direct contact with model. Maybe with smaller ones, but doubtful. Also, you expect something less porny. "
3/16/2026 23:27:09,"I have never subscribed, but have followed OF creators on social media",3,1-2,0,N/A,"Sexual attraction to a creator, Emotional attraction to a creator., The explicit content., Curiosity.",Kind of,3,Reddit,Yes,I already assume this was happening,Entertainment,Yes,"When the person you're chatting with isn't the creator, when maketing is exaggerated (""watch my hotdog video"" - there is no hotdog video), When pricing isn't clear, When custom attention is not really custom",A platform that connects content creators with willing buyers at market prices. And they happen to have a more lenient stance on explicit content.,No,,,,"With the loneliness epidemic, parasocial connection is the lowest friction route to fulfilling emotional needs. Why risk rejection telling your significant other about your kinky interests when you can fantasize about them with someone who is literally a model? 

There are a lot of stories about high end sex workers being more akin to therapists than fleshlights. People want to feel connection, even if it’s not real, are willing to pay for that illusion. "
3/16/2026 23:28:12,I am a former Onlyfans subscriber,3,6-10,$250-$500,PPV messages.,"Sexual attraction to a creator, The explicit content., The ability to talk with the creator, Curiosity.",Kind of,1,Instagram,Yes,I already assume this was happening,sex work,Yes,"When the person you're chatting with isn't the creator, when maketing is exaggerated (""watch my hotdog video"" - there is no hotdog video), When emotional intimacy is faked, When custom attention is not really custom",A honey trap for horny naive men.,Maybe/Not sure,,When I learned and understood that it’s just a business. It’s mostly low effort content and you’re chatting with professional chatters that are only there to make you buy as much as possible by making you feel close to the creator.,Yes. When I noticed that this person wasn’t interested in talking to me unless I had money to spend. And they were always trying to guilt trip me into buying by making me feel like I was letting them down. When I finally understood that I was being played I felt incredibly stupid. ,They want to come closer to the creator and build a relationship for whatever reason. 
3/17/2026 0:03:40,I am a former Onlyfans subscriber,1,1-2,$50-250,PPV messages.,"The explicit content., Hype or social media buzz, Curiosity.",Kind of,3,Google Search,Yes,I already assume this was happening,sex work,Yes,"When the person you're chatting with isn't the creator, when maketing is exaggerated (""watch my hotdog video"" - there is no hotdog video), When custom attention is not really custom",customized fetish content not seen on p*rn sites,Maybe/Not sure,the nature of PPV content lets me pick and choose what i like to buy so keeping the free account subscribed is the amount i was willing to keep paying.,"price increase, creator content was not what I was looking for. PPV kinda sucked.",,"Being a solo creator or duo etc, its content that cant be replicated on the internet. specialized/custom content for sure."
3/17/2026 0:06:55,I am a current OnlyFans subscriber,1,6-10,$50-250,Chatting/sexting.,"Sexual attraction to a creator, Curiosity.",Kind of,2,P*rn Sites,Yes,Slightly misled,A form of online fantasy,No,I don't think it's a scam,A platform to subscribe to sex workers for porn content,Maybe/Not sure,I usually subscribe and unsubscribe pretty frequently.,I just don’t want to pay a streaming bill for porn.,"Some chat experiences are a little misleading, like the broken up PPV messages that appear as mini customs. They are clearly designed to maximize emotional connection built on a facade, but a lot of sex work is asymmetrical in the same way.",It has the most brand awareness. Its at the “Kleenex” or “Tweet” level of title associated with product. OF is creator porn. The content and brand name are synonymous.
3/17/2026 0:17:45,I am a former Onlyfans subscriber,3,3-5,Under $50,monthly subscriptions,"Sexual attraction to a creator, Emotional attraction to a creator., The explicit content.",No,1,Instagram,No,I already assume this was happening,sex work,No,I don't think it's a scam,A website that provides remote work for sex workers.,Maybe/Not sure,,The videos weren't to my taste.  Didn't feel worth it.,,"Particular models, particular niches. The creator-driven aspect."
3/17/2026 0:23:24,I am a former Onlyfans subscriber,2,3-5,$250-$500,PPV messages.,"Sexual attraction to a creator, Emotional attraction to a creator., The ability to talk with the creator",Kind of,2,Instagram,Yes,Very deceived,sex work,Yes,"When the person you're chatting with isn't the creator, When pricing isn't clear",personal access to content creators of my choice in a creative space I hope they feel safe using,Maybe/Not sure,,,,"It feels more personal, I think."
3/17/2026 0:30:49,I am a former Onlyfans subscriber,2,6-10,1000+,Custom content.,"Sexual attraction to a creator, Emotional attraction to a creator., The explicit content., The ability to talk with the creator",Kind of,3,P*rn Sites,Yes,Very deceived,sex work,Yes,"When the person you're chatting with isn't the creator, When emotional intimacy is faked, When custom attention is not really custom",A website that was meant for porn but is now a website that also exploits mostly male loneliness profit.,Maybe/Not sure,"If the content was good, especially if its not pay per video and more like pay for all access (not including custom content) and feel authentic like they care.",If it was pricey and if it felt like copy paste conversation that required increasing payments especially for 20 sec or less videos," Yes, like I said before the copy pase answers and moved away from pay for access to pay per video amd interaction.","For the hope of connection in an ever increasing lonely world, especially for young men like myself."
3/17/2026 1:40:43,I am a former Onlyfans subscriber,1,1-2,$250-$500,PPV messages.,"Sexual attraction to a creator, Emotional attraction to a creator.",Kind of,1,TikTok,Not sure,Slightly misled,A form of online fantasy,Yes,I don't think it's a scam,Escapeism and a fantasy. ,No,Loneliness and intimacy ,Shame,,"The felt connection, be it real or fake. "
3/17/2026 1:52:06,I am a former Onlyfans subscriber,5,3-5,$250-$500,PPV messages.,Sexual attraction to a creator,Yes,5,TikTok,No,I wouldn't care,sex work,Yes,"When the person you're chatting with isn't the creator, when maketing is exaggerated (""watch my hotdog video"" - there is no hotdog video), When pricing isn't clear",A place for people to make money by selling content of themselves beyond what they would or could normally post on other social media platforms. Usually containing teasy or nude content,Yes,I don’t do it anymore.,The few girls I was subscribed to on there left the platform.,"Nope, the few I was subscribed to were very transparent. Though I’ve interacted with a few of the big accounts and those were rough and basically scams","The exclusivity is a big one and that’s part of what got me. Girls with relatively small followings on TikTok that made Onlyfans, even if only <50 people were subbing to it. They were clearly ran VERY differently than the other bigger accounts with obvious bots that badgered you in DMs all the time. Creators with less followers were SOO much more genuine and transparent in dms. Very respectful and nice. I never even tried to engage in sexual conversations, the few girls I subbed to on there we just had friendly transactional DMs. I’ve even helped one of them with technical issues with their OF account they were trying to figure out 😭. Never tried to push me for more money or  to buy more content or lied about what I was buying. One of the three girls I was subbed to, when the time came that they decided they were gonna end their account, went ahead and just GAVE TO ME all the PPVs and content they ever had that I didn’t pay for FOR FREE as a thanks and goodbye. I was subbed to them for like less than a year.

I think in general, Men want a higher high, and the more social/connected aspect of OF creators compared to your average pornstar/porn gives that to them. They are usually lonely and being able to in ANYWAY think they are more connected to the content they are viewing makes it better for them. I only wanted a small touch of that which is still bad, but most men want that connection to a much further extent that is unhealthy and concerning. "
3/17/2026 2:54:30,I am a former Onlyfans subscriber,1,3-5,$500-1000,PPV messages.,"Sexual attraction to a creator, Emotional attraction to a creator., The explicit content., The ability to talk with the creator, Curiosity.",No,1,Instagram,Yes,Very deceived,sex work,Yes,"When the person you're chatting with isn't the creator, when maketing is exaggerated (""watch my hotdog video"" - there is no hotdog video), When pricing isn't clear, When emotional intimacy is faked, When custom attention is not really custom",A platform used by sex workers and their agents to exploit lonely men for money,Yes,"Always felt that ""this one is different"" but they never were",Too many money problems caused by it. Got faked out by them too many times,"Absolutely, A normal conversation would always lead to a ppv being sent, complaints and emotional manipulation followed when it wasnt immediately purchased (e.g. ""I see you don't really care about me"")","Emotional connection. Porn doesn't help with loneliness so you naturally drift to places that can help with that. And when the pornstars you've been watching all advertise onlyfans accounts, thats where you go"
3/17/2026 3:43:42,I am a former Onlyfans subscriber,5,1-2,Under $50,monthly subscriptions,Sexual attraction to a creator,Kind of,1,Google Search,No,I already assume this was happening,sex work,No,"when maketing is exaggerated (""watch my hotdog video"" - there is no hotdog video)",It's sex work. ,Maybe/Not sure,Good content. ,Shame. Lol. And the lack of good content. ,Not really. ,"Porn can sometimes feel a little too manufactured. Especially when you've seen it too many times, it's like you can almost tell that the person isn't actually enjoying it or that the person looks ""fake."" 

With OnlyFans, it looks like real life. So it's probably the hope that one day you're gonna get that thing you're looking for and it's gonna look like that. "
3/17/2026 4:40:21,I am a former Onlyfans subscriber,1,1-2,$250-$500,monthly subscriptions,Sexual attraction to a creator,No,3,P*rn Sites,No,Very deceived,A form of online fantasy,Yes,"When the person you're chatting with isn't the creator, when maketing is exaggerated (""watch my hotdog video"" - there is no hotdog video), When custom attention is not really custom","Exploitation of loneliness, and mentally unwell individuals",Yes,,,,It gives a sense of being in a refashionship as you keep going back to the same person
3/17/2026 4:50:19,I am a former Onlyfans subscriber,4,1-2,Under $50,monthly subscriptions,"Sexual attraction to a creator, The explicit content., Curiosity.",Kind of,1,Reddit,Not sure,I already assume this was happening,sex work,Yes,"When the person you're chatting with isn't the creator, when maketing is exaggerated (""watch my hotdog video"" - there is no hotdog video), When pricing isn't clear, When emotional intimacy is faked, When custom attention is not really custom",It is a hub for independent porn creators to distribute explicit content.,Yes,,I only subscribed for 1 month. Got every I wanted from it and didn't see much value in continuing the subscription.,There are some creators who basically post the exact same content to OF that they post to twitter or Instagram. Definitely feels like a ripoff to pay for the exact content they're posting for free. It certainly doesn't help that the system is setup where you basically have to gamble and pay for a subscription before you actually know what content you will receive.,"Personally. I only subscribed to someone because I went to school with them (they were in a different grade, I didn't really know them) and I was just curious. I assume the average subscriber, especially those spending significant money, are looking for an emotional connection and potential access. That's certainly the way most creators I see on social media market it. So many ""message me here"" posts."
3/17/2026 5:23:31,I am a former Onlyfans subscriber,2,6-10,1000+,PPV messages.,"Sexual attraction to a creator, The explicit content., Curiosity.",Yes,3,Instagram,Yes,Very deceived,sex work,Yes,"When the person you're chatting with isn't the creator, when maketing is exaggerated (""watch my hotdog video"" - there is no hotdog video), When pricing isn't clear, When emotional intimacy is faked, When custom attention is not really custom",Online sex work that indulges the fantasy of an intimate relationship whilst exploiting both creators and fans.,Yes,"Sunken cost fallacy, access to the creator's content, pressure to not disappoint a real person.",Discovery that most Onlyfans chats are not with the creator themselves but with chatters/chatbots; realisation of how much money I'd spent; the reality of exploitation by OF managers.,"Not by a specific creator, but some of them had a pattern of spamming PPV messages or being online at weird hours for their resident country, which made me question the reality of the whole thing and look into it more. Then I emotionally detached from the whole thing and I stopped.","The promise of an ""intimate"" relationship with a ""hotter than average"" woman or pornstar that would never happen in real life, plus the feeling of exclusivity that justifies paying for something you could get or get the equivalent of for free elsewhere."
3/17/2026 5:34:21,I am a former Onlyfans subscriber,1,1-2,Under $50,monthly subscriptions,"Sexual attraction to a creator, Curiosity.",Kind of,1,P*rn Sites,No,I already assume this was happening,sex work,Yes,"When the person you're chatting with isn't the creator, When emotional intimacy is faked",An escape and an attempt for emotional connection,Maybe/Not sure,,I wasn’t for me. I try to not look at porn,,"The exclusivity, the fake connection. "
3/17/2026 6:07:51,I am a former Onlyfans subscriber,5,3-5,Under $50,monthly subscriptions,"Sexual attraction to a creator, Emotional attraction to a creator., Curiosity.",Kind of,1,Instagram,No,I already assume this was happening,sex work,No,"when maketing is exaggerated (""watch my hotdog video"" - there is no hotdog video)",Only fans is a platform that has become popular because of the lack of restrictions put on the type of content users are allowed to advertise. I realize for most who subscribe monthly it is a source of connection emotionally and sexually with someone. But I have personally only paid because I was horny and curious to see that person from instagram naked. It is gross how glorified the business has become for creators too with the ridiculous amount of money made and flaunted on social media and news headlines I’m sure the thought goes through most young girls minds now “why if I made an onlyfans”. So to answer your question to me it is just another porn site that exploits sexual and emotional desires ,Maybe/Not sure,"I’ve only paid once to see what really was hidden behind the pay wall, usually got disappointed, and cancelled the subscription. I’ve never paid a reoccurring subscription to a OF creator. I’ve probably done this a total of 4-5 times",I wasn’t spending more than $5 on porn. There’s literally an infinite amount of free content out there. ,Yes when I buy the subscription and then there’s just a second pay wall to see the “good stuff” ,Some of it is hype. A lot of it is probably the chatting feature and combo of emotions and sexual connection the consumer gets out of it. But I think the role of the media plays a big part now. The name onlyfans is everywhere for some reason I think there’s less of a barrier to entry because of the marketing and idea that you’re supporting a single creator. So it’s combined the parasocial aspect of like twitch or live streaming to sexual content which just makes it that more enticing. Honestly I think the beta male simp below average type of guy is screwed. Because I’m an objective above average looking guy that could easily get meatless sex at a bar if I wanted but I unfortunately prefer the easy way out which is masturbation to porn and my excuse is that I’m trying hard to apply my Christian values which is so dumb. Like what better to sin alone or with another. I don’t want to take advantage of anyone but I’m tired of plan old masturbation. Honestly I’ve even considered starting an onlyfans fans because of this and even like “Sophie rain” says she’s still a virgin because she’s Christian like what fucked up message is that now where putting in the heads of innocent non-secular people. One last point point to mention since I’m rambling. With the whole porn addiction thing I could never stop for more than about 20 days and then I always feel the need or something only influences me so it really does feel impossible to get away from this shit is the new cigarettes but arguably worse. 
3/17/2026 6:58:50,I am a current OnlyFans subscriber,3,3-5,0,N/A,"Sexual attraction to a creator, The explicit content., Hype or social media buzz, Curiosity.",Kind of,1,Reddit,Yes,I already assume this was happening,sex work,Yes,"when maketing is exaggerated (""watch my hotdog video"" - there is no hotdog video), When pricing isn't clear, When custom attention is not really custom",A subscription platform for people to get ,No,"I'm not paying, I got only free subscriptions ",The materials weren't explicit enough or the creator wasn't attractive enough ,You subscribe and there's no nude,It feels like something more intimate and exclusive thanks to the digital interactions. It's the same reason why people subscribe to YouTube channels and become fans instead of becoming fans of a tv channel. Also probably because of the content's verticality of some creators. 
3/17/2026 8:25:36,I am a former Onlyfans subscriber,2,1-2,$50-250,Custom content.,The explicit content.,Kind of,3,Reddit,Not sure,Slightly misled,A form of online fantasy,No,"When pricing isn't clear, When custom attention is not really custom","for the most part, a parasocial hellhole. I just used it to get custom content for my extremely niche kink.",Maybe/Not sure,If I can get more custom content and I am sexually attracted to the person.,Got enough custom content. No need for it anymore.,"Got scammed for some custom content, you win some you lose some here.","For me, it was just that for the specific kink I have, there is basically no content on it. So I had to go to OnlyFans to get it made, it's the ""easiest"" way. Though I assume for most people it has much more to do with loneliness and getting (sexual) attention through these platforms. "
3/17/2026 8:39:33,I am a former Onlyfans subscriber,2,6-10,Under $50,monthly subscriptions,"Sexual attraction to a creator, The explicit content.",No,2,P*rn Sites,Yes,I already assume this was happening,sex work,Yes,"When the person you're chatting with isn't the creator, when maketing is exaggerated (""watch my hotdog video"" - there is no hotdog video), When pricing isn't clear","Horrific, preying on the addicted and dopamine sapped brains of guys from such a young age it becomes almost impossible to actually quit ",Yes,I don’t think I’ve ever subscribed to the same person for more than a month,Once you’ve seen stuff of one person it gets boring you’d rather see someone new next (but also most of the time you don’t actually see anything nude by simply subscribing you have to pay extra for that which just no),No personally I don’t respond to the chats as it’s so obviously not them chatting ,Personalization ? Probably. Exclusivity ? I’m sure people do it for the personal connection too. Linked to the exclusivity I think some of them are actually more attractive or more ‘normal’ girls than you’d see in typical porn which makes it more attractive.
3/17/2026 8:40:30,I am a former Onlyfans subscriber,4,20+,1000+,monthly subscriptions,"Sexual attraction to a creator, The explicit content.",Kind of,2,Reddit,Yes,I already assume this was happening,A form of online fantasy,Yes,"when maketing is exaggerated (""watch my hotdog video"" - there is no hotdog video), When pricing isn't clear, When custom attention is not really custom",An inevitably. An unfortunate one but one all the same. It's a walled garden with poisonous fruit,Yes,"Some of the models solely had their content on OF and i wanted to see them specifically, they had everything i was looking for.",Getting a girlfriend,"Only when I subscribed to a ""No PPV"" page, only for that to be straight up a lie. Flushed lots of $5s and $10s down the drain that say","It's finding a very specific kind of content you're looking for. Sometimes a creator will make the exact porn you want, or speak the way you're lustinf after, or look the exact type you need and a lot of people are willing to pay 10-15 bucks to get that, and a lot of the time it'll spiral out of control.
I made an account to help out an online friend I thought was hot and went too too deep"
3/17/2026 8:56:04,"I have never subscribed, but have followed OF creators on social media",5,0,0,N/A,The explicit content.,Yes,5,Instagram,Yes,I already assume this was happening,sex work,No,"when maketing is exaggerated (""watch my hotdog video"" - there is no hotdog video)",A means to an end rather than an end in itself. We know the company is extracting a lot of money from the creators themselves while promising empowerment and the idea of being your own boss.,No,,,,"The idea of getting exclusive content that's tailor-made for them and the fantasy of ""access"" to someone."
3/17/2026 9:00:02,"I have never subscribed, but have followed OF creators on social media",2,0,0,N/A,"Sexual attraction to a creator, The explicit content., Curiosity.",Yes,1,Reddit,No,I already assume this was happening,sex work,Yes,"When the person you're chatting with isn't the creator, when maketing is exaggerated (""watch my hotdog video"" - there is no hotdog video), When pricing isn't clear, When emotional intimacy is faked, When custom attention is not really custom",A website where people can buy and sell some form of porn. ,No,,,,I assume it's some kind of fetish or really wanting access to that one creator paygated content 
3/17/2026 9:03:06,I am a current OnlyFans subscriber,1,1-2,$50-250,monthly subscriptions,"Sexual attraction to a creator, Emotional attraction to a creator.",Kind of,1,Reddit,Yes,I already assume this was happening,sex work,Yes,When pricing isn't clear,"A sex work site, like twitch but for porn",Yes,,"Already watched all their videos, not enough new ones to be worth it",When I paid for the subscription and everything behind it was PPV,It's more parasocial
3/17/2026 9:09:34,I am a current OnlyFans subscriber,4,20+,1000+,PPV messages.,"Sexual attraction to a creator, The explicit content.",Kind of,2,Reddit,No,I already assume this was happening,sex work,Yes,"when maketing is exaggerated (""watch my hotdog video"" - there is no hotdog video), When pricing isn't clear, When emotional intimacy is faked",A platform for fans of content creators. Though it leans heavily adult content and is increasingly corporatized compared to a direct connection with creators.,Maybe/Not sure,"Content I enjoy watching, either new content or access to existing content on the page.","Budgeting, falling out of interest with a type of content.","When the description of a ppv oversells the actual content. “Full videos” turns out to just be a preview.
Also when chats include a string of ppv content which gets really expensive really fast.","In some cases it feels less exploitative, there is a closer connection to the performers than other porn sites. Hopefully it reduces the exploitation that can occur in adult content.
Sometimes the content is more niche and to my taste than I find elsewhere."
3/17/2026 9:17:19,I am a current OnlyFans subscriber,2,1-2,$50-250,monthly subscriptions,"Sexual attraction to a creator, The explicit content., Curiosity.",Yes,1,P*rn Sites,No,I already assume this was happening,sex work,Yes,"when maketing is exaggerated (""watch my hotdog video"" - there is no hotdog video)",A porn site. Hopefully more fair to the creators than other sites but I have my doubts.,No,The one creator that I continue subcribing to is cute and I like her content. It is not overly produced and usually features just her alone.,Price too steep or content still behind another paywall after subscription,No. I don't chat with them and I haven't asked for any custom stuff.,"The few people I have subscribed are not found on any free sites. So in my case I just can't find those girls from anywhere else. Also compares to free sites, the content seems more grounded and closer to reality than the stuff that big production studios fill the free sites with"
3/17/2026 9:20:25,I am a former Onlyfans subscriber,2,1-2,Under $50,PPV messages.,Sexual attraction to a creator,Kind of,1,Reddit,No,Slightly misled,A form of online fantasy,Yes,"when maketing is exaggerated (""watch my hotdog video"" - there is no hotdog video)",Pay to view porn,Maybe/Not sure,Nothing,Disappointed in the lack of content ,Yes. A girl said she recreated how she lost her virginity in a ppv message. I paid for it and it was just some basic low quality nudes. Complete scam,Some things aren’t easy to get without paying
3/17/2026 9:50:26,I am a former Onlyfans subscriber,2,1-2,$50-250,PPV messages.,"Sexual attraction to a creator, Curiosity.",Kind of,1,P*rn Sites,Not sure,Slightly misled,sex work,Yes,"When the person you're chatting with isn't the creator, when maketing is exaggerated (""watch my hotdog video"" - there is no hotdog video), When pricing isn't clear",A Patreon-like site for sex workers.,No,,,"When I saw a creator say they were a law student, but never once did I see them offline, and they replied within seconds to every message, I figured it had to be a paid service or chatbot. I messaged to say I didn't appreciate it and ""she"" vehemently denied it and called me weird despite ""how hot I was"" (she had definitely never seen me before). She didn't ban me from her page or anything. I unsubscribed myself. I never again got a response after that, just mass messages with PPV content.","I feel like most people do it for a personal connection. I do it because it's a way to find more content from a creator I already like and support them directly, like a Patreon."
3/17/2026 9:57:18,I am a former Onlyfans subscriber,4,1-2,Under $50,PPV messages.,Sexual attraction to a creator,Kind of,2,Reddit,Not sure,I already assume this was happening,sex work,Yes,"When the person you're chatting with isn't the creator, when maketing is exaggerated (""watch my hotdog video"" - there is no hotdog video), When custom attention is not really custom",Self employed porn ,Maybe/Not sure,,Not worth the monthly cost,,New content from a specific creator 
3/17/2026 10:04:19,I am a former Onlyfans subscriber,2,1-2,Under $50,monthly subscriptions,"Sexual attraction to a creator, The explicit content.",Kind of,1,Reddit,No,I already assume this was happening,Entertainment,Yes,"When the person you're chatting with isn't the creator, when maketing is exaggerated (""watch my hotdog video"" - there is no hotdog video), When pricing isn't clear, When emotional intimacy is faked, When custom attention is not really custom, Other",A site that could be great but most of the time waste of money. ,No,,"Bernadette Banner's YT vid: Making OnlyFans for saucy Victorian ankle pics.-project ended. And the creators that use OnlyFans to distribute their porn, also often distribute enough content on other sites for free... TLDR: not worth the time or money to use OnlyFans for me",,"Same reason why people donate/sub/financially support streamers, youtubers and so on..."
3/17/2026 10:09:09,I am a former Onlyfans subscriber,2,1-2,Under $50,monthly subscriptions,"Sexual attraction to a creator, The explicit content.",Kind of,1,P*rn Sites,No,I already assume this was happening,sex work,Not sure,I don't think it's a scam,A platform for paywalled content uploaded by mostly individual creators with a chat and messaging platform I’m unfamiliar with,No,I did not keep paying,"Underwhelming content behind paywall, an unpleasant personal feeling around paying for pornography and fading interest in viewing explicit content","No, I have never used the chat function and found mostly what I expected after subscribing ",I personally subscribed to view a specific creator catering to a niche I’m interested in where new content is rare. I feel others may subscribe to Onlyfans as a form of parasocial fantasy engagement 
3/17/2026 10:10:01,I am a former Onlyfans subscriber,1,1-2,$50-250,monthly subscriptions,Sexual attraction to a creator,No,3,P*rn Sites,Yes,Very deceived,sex work,No,When pricing isn't clear,another platform to remove money from fools,No,I really thought for one second the model liked me,realized I was a fool,"Yes, chatting with a creator and realized I'm not talking to the model at all","It's personal attention. She's not just enjoying sex, she's enjoying you specifically."
3/17/2026 10:16:29,I am a former Onlyfans subscriber,2,20+,$500-1000,PPV messages.,"Sexual attraction to a creator, Curiosity.",Kind of,1,TikTok,No,I already assume this was happening,sex work,Yes,When pricing isn't clear,A platform for people to do direct to consumer sex work,Maybe/Not sure,Loneliness and a desire to see “normal” people in sexual situations ,"The realization that the creators are mostly not running their accounts, realizing I’d developed an unhealthy attachment to seeing regular people do sex work (felt voyeuristic in a way) and the cost  ",,"It feels like anyone you pass on the street could be an OF creator, and that sense of sexualizing everyone got into my head, I’d wager it’s a somewhat common thread for other people. The idea of scrolling tiktok, seeing a hot girl, then giving her $10 to see her naked at first (like around 2020) felt like fair business. For me it slowly made me sexualize any random girl I saw on the internet and I didn’t like how it made me feel"
3/17/2026 10:36:29,I am a former Onlyfans subscriber,4,20+,$500-1000,monthly subscriptions,"Sexual attraction to a creator, The explicit content., Curiosity.",Kind of,3,X/Twitter,Yes,I already assume this was happening,sex work,No,"when maketing is exaggerated (""watch my hotdog video"" - there is no hotdog video), When pricing isn't clear",False intimacy ,Yes,Curiosity ,Money and addiction ,,"The same reason why a lot of people prefer to get their news from individual online creators, or their entertainment from YouTubers. It’s the creator economy. It’s the personality. "
3/17/2026 10:44:43,I am a current OnlyFans subscriber,4,20+,$500-1000,monthly subscriptions,"Sexual attraction to a creator, Emotional attraction to a creator., The ability to talk with the creator",Kind of,2,Reddit,Yes,I already assume this was happening,sex work,Yes,"When the person you're chatting with isn't the creator, when maketing is exaggerated (""watch my hotdog video"" - there is no hotdog video), When pricing isn't clear, When emotional intimacy is faked, When custom attention is not really custom",A fan experience platform that morphed into a sex work platform,Maybe/Not sure,"Emotional intimacy & loneliness. This content is easy to find online, & I frankly will pirate the content if I feel like I’m talking to a chatter or the content is overpriced",I was bored,"I was interested in this male creator’s “blind box” content he advertised on his wall. I’m certain this was the real person & not a chatter. Before paying, I asked about the nature of the content to ensure I was getting what I wanted. I understood it was his birthday & he texted me back that night very drunk, I guess. His message was slurred, but it was in the affirmative “yeahh”. I paid & found out it wasn’t the content I confirmed it would be. I went back & forth with him for about a week, with him hassling me about no refunds. I even said I would take a discount on future content, scout’s honor. Eventually, I had to go file my first complaint with OF corporate to get my money back. It put a sour taste in my mouth. 

I’ve also had a professional pornstar I’m a huge fan of sell content without a thumbnail & the content was just one of her professional videos she repackaged (i.e. downloaded from PornHub) & resold.

Frankly, it’s very common to sell content without thumbnails & that feels very scammy.","I can’t speak for others, but I mostly subscribe when I’m feeling lonely. But then I regret it when i realize I’m not even talking to a real person or they ask me to pull my wallet out."
3/17/2026 11:32:14,I am a former Onlyfans subscriber,1,3-5,1000+,Custom content.,"Sexual attraction to a creator, Curiosity.",Kind of,1,Reddit,Yes,I already assume this was happening,sex work,Yes,"When the person you're chatting with isn't the creator, Other",a way for women (mostly) to monetize the objectification that is going to occur anyway.,No,I generally only subscribe for one month. ,When most of the creator's content is behind further pay walls. ,,The appearance of it being less 'produced' in a commercial sense. 
3/17/2026 11:40:45,I am a former Onlyfans subscriber,3,1-2,Under $50,monthly subscriptions,"Sexual attraction to a creator, Curiosity.",Kind of,1,Instagram,No,I already assume this was happening,sex work,Yes,"When the person you're chatting with isn't the creator, when maketing is exaggerated (""watch my hotdog video"" - there is no hotdog video), When pricing isn't clear, When emotional intimacy is faked, When custom attention is not really custom","The latest form of the monetization of the attention economy, which was massively accelerated through social media and has increasingly become more and more sexualized because of the low barrier to entry for easy attention and maximum profits derived from algorithmic monetization optimization that preys on a mostly male psychological vulnerability.",Yes,,"I only paid for one month out of curiosity, I’m not sure what I was looking for, but whatever it was was a massive letdown and made me feel extremely hollow and dirty",,"I think it’s a combination of a façade of authenticity, novelty, and aggressive marketing/social media attention techniques designed to exploit psychological vulnerabilities at a time where modern society has left many people feeling more isolated than ever before. "
3/17/2026 11:44:49,I am a current OnlyFans subscriber,2,11-20,$500-1000,Custom content.,"Sexual attraction to a creator, Emotional attraction to a creator., The explicit content., The ability to talk with the creator",Yes,3,Reddit,Yes,Slightly misled,sex work,Yes,"When the person you're chatting with isn't the creator, when maketing is exaggerated (""watch my hotdog video"" - there is no hotdog video), When pricing isn't clear, When custom attention is not really custom, Other","It’s ideally a means for women (and some few males) to make sexually explicit material, market it directly to customers, occasionally do the emotional work of interacting with their customers, and directly profit from their efforts. Patreon with virtual sex work. Sometimes, unfortunately, it’s a medium where women’s bodies are exploited and profited from by others. And sometimes it’s a place where scammers pretend to be a woman, and profit from her material, and from interacting with males who want to believe they’re interacting with her. In some fraction of cases, the woman being shown is complicit in this.",No,"I’ve thought about this and I have a list. It’s a long list. I hope you’ve a good text parser. First and foremost, it’s when I get the sense the person I’m buying from is the person I see. Big tell is when I get customs done. Second is when I’m confident she’s doing the chatting, or at least has input, and it’s not just some poor bastard in Bangladesh pretending to be a horny girl and trying not to imagine me masturbating. Third is I don’t get the whiff of exploitation. I detest the exploitation and abuse of women, and I’m old enough to have spidey senses. I report if I’m suss. If all that’s on the level, then the provider (or the persona she’s showing) needs to be sweet, kind, physically attractive to me, sexually confident and confidently sexual, comfortable with explicit nudity as if it’s everyday and NBD, and clearly enjoys being looked at and sexually appreciated by men. I’ll spend most if she does a lot of passionate vanilla sex with a nice clean respectful partner (I’m bi), they’re clearly into each other, and he finishes inside her. I want to see all of her body at once from several perspectives including hers. I want to see her face and real (or realistic) feelings. No porno rictus. No penises thrusting in disembodied vaginas. When I see the sperm in her, I want to see her face too. Lastly, she has to take her damned footwear off. Socks in bed is ninth-circle inhibition. Free spirited women go barefoot ffs. I don’t care if they’re dirty. It’s cute if they’re dirty. Going barefoot means confidence and comfort. If you’re perpetually shod it’s obvious you’re inhibited. This recent thing about hiding feet (from who??) or making you pay extra to see the whole woman including appendages is weird and dumb. ","I have a rule I’ll unsubscribe if I get the sense the woman is being exploited, if she’s not involved with the channel, if she’s not enjoying herself, or if she has no input into messages. But in reality in almost all cases, I stopped because the new material dried up, or I hit my budget limit.",Twice. In both cases I was getting pat responses to questions and it was clear the creator was not involved in her channel. The feeling was mild; I don’t spend unless I’m very confident she’s genuine and wants to be there.,"Our society is puritanical and that’s trending worse thanks to an unholy union of radical feminism and traditional conservatism. Women take a huge risk in showing their bodies and being sexually explicit. The left tells them they’re being exploited by males, and abused and traumatized, and if they don’t know that it’s because of internalized misogyny. The kindly tradcons tell them pretty much the same thing, plus they’re degrading themselves and befouling their glorious temple-bodies with male lust. The shitty tradcons and manosphere dickheads tell them they’re fallen women, whores, and damaged goods, and deserve abuse. ALL of these people say “you’ll regret it later”, and love nothing more than a former sex worker loudly decrying her former self and clients. OnlyFans means these  women can be compensated not only for their work, but also for the risks they’re taking. It also gives clients access to them directly: it helps and it’s sexy to know your provider enjoys her work, or at least wants to be there. Sex workers are an absolute treasure and provide some of the most valuable labor in the world. They should damned well be paid and thanked and appreciated by their clients."
3/17/2026 11:54:10,I am a former Onlyfans subscriber,2,6-10,Under $50,monthly subscriptions,"Sexual attraction to a creator, The explicit content., Curiosity.",Kind of,1,Reddit,No,I already assume this was happening,sex work,No,"when maketing is exaggerated (""watch my hotdog video"" - there is no hotdog video), When pricing isn't clear","A platform where creators can sell directly to customers, without outside agency (unless they choose to use one)",Yes,Frequent content updates. The hope for specific content being created for me ,Infrequent posting. I have consumed and saved all I wanted from the creator and feel satisfied. ,No. ,"The illusion of interacting directly with the creator. It has also raised the ease and popularity for people to get into content creation, there are people in your town on OF, people you know. The girl who has never shown interest in you has pictures on there. "
3/17/2026 12:04:13,I am a former Onlyfans subscriber,3,20+,$250-$500,monthly subscriptions,"Sexual attraction to a creator, The explicit content., Curiosity.",Kind of,2,Instagram,No,I already assume this was happening,sex work,Yes,"When the person you're chatting with isn't the creator, when maketing is exaggerated (""watch my hotdog video"" - there is no hotdog video), When pricing isn't clear",It is a site catered towards paywalled content which has become the go to platform for independent adult content creators.,Maybe/Not sure,,"Once I satisfied my curiosity about a particular content creator, I don't feel much of a desire to continue my subscription.",There have been a couple instances where I subscribed to a creator only to find out that pretty much all the actual explicit content is blocked behind PPV paywalls.,"Many OnlyFans creators do a great job of marketing their pages and teasing their content on social media which causes the curiosity about seeing explicit content from that particular creator to grow over time. As a result, it becomes easy to get convinced to pay for a subscription in order to satisfy that curiosity. In my experience, I find that the peak emotional activation happens in the time leading up to the decision to subscribe. Once I've subscribed and seen the page, it's rarely ever as exciting as I imagined. This cycle is a big reason why I'm trying to stay away from OnlyFans moving forward. It just does not seem worth it to me. It feels like my brain chemistry is being hijacked. "
3/17/2026 12:12:11,I am a former Onlyfans subscriber,1,3-5,$50-250,monthly subscriptions,"The explicit content., Curiosity.",Kind of,1,X/Twitter,No,I already assume this was happening,Entertainment,Not sure,"when maketing is exaggerated (""watch my hotdog video"" - there is no hotdog video), When pricing isn't clear, When emotional intimacy is faked",An online platform where creators can upload exclusive content.,No,Access to the content,"It can get very expensive very quickly, between subscriptions and PPVs a person might be spending 100 bucks, might as well use that money to go on an actual date.","Not personally, but I don't like how ""fake"" it is with creators sugar coating every word and trying to create intimacy. ","For me, it felt like a more ethical way of consuming porn as free websites have exploitative practices, the chance of actually supporting the creator is attractive. But I can see people falling in a para social relationship "
3/17/2026 12:33:41,I am a former Onlyfans subscriber,2,11-20,$250-$500,monthly subscriptions,"Sexual attraction to a creator, Curiosity.",No,1,Reddit,No,I already assume this was happening,sex work,Yes,"When emotional intimacy is faked, When custom attention is not really custom",It’s just a pay to play porn site. ,Yes,,I got a girlfriend and had to face my porn addiction head on. I have since worked on it and am completely off the sauce. ,The realization that I wasn’t actually talking to the girl. That the message were automated or done by an agency. Heard it on a podcast. ,I think it’s the certain models that make it better. Just all the top tier models are usually there. The porn sites just don’t scratch a certain itch I can’t describe. 
3/17/2026 13:53:30,I am a current OnlyFans subscriber,2,1-2,Under $50,monthly subscriptions,"Sexual attraction to a creator, The explicit content.",Kind of,1,Reddit,Yes,I wouldn't care,sex work,No,"when maketing is exaggerated (""watch my hotdog video"" - there is no hotdog video), When pricing isn't clear, When custom attention is not really custom",I thought it was exclusively for viewing fans. Was unpleasantly surprised ,Yes,I never keep paying after the impulse subscription.,Onlyfans?? In this economy.,Not really,They feel a personal connection with the creator. Hence why no face accounts don’t really get popular.
3/17/2026 14:10:41,I am a former Onlyfans subscriber,1,6-10,0,N/A,"Sexual attraction to a creator, The explicit content., Curiosity.",No,3,X/Twitter,No,Slightly misled,sex work,Yes,When the person you're chatting with isn't the creator,"A means to support a creator of content via a portal that fairly transfers subscription fees to the creator as well as keeps both creator and consumers data and content ""safe"".",Yes,"I never paid, I subscribed to free accounts and thought to myself ""what are you doing"". Predominantly was curiosity to see what sort of content was behind a paywall and also to see explicit content from ""normal"" people or people I found attractive. There's a further degree of perceived intimacy when it's on their site and not a random video on a porn site I think.",Realising that I was personally crossing a line between just consuming explicit content randomly and actively seeking out more tailored content.,"No, but I can imagine it happens alot","I think it's because alot of people feel it's more of a personal conmection. They fantasise about their crush and seeing someone nude or whatever and when you're part of these ""online communities"" it's perhaps a similar feeling of connection to what you maybe feel day to day about attractive people you see. The difference here is your sexual feelings towards that certain person can cross that imagination line and into reality where you CAN see them naked rather than it just being like a normal fantasy. There's definitely something more enticing about the thought you maybe ""could"" have a chance with this ""normal"" person. A porn star always seemed more of a stretch in the old school manor, like they were celebrities and not just someone you'd bump into."
3/17/2026 14:20:20,"I have never subscribed, but have followed OF creators on social media",1,0,0,N/A,"Sexual attraction to a creator, Emotional attraction to a creator., The ability to talk with the creator, Curiosity.",Kind of,1,Instagram,No,I already assume this was happening,A form of online fantasy,Yes,"When pricing isn't clear, Other","I guess it is the culmination of the various strategies of ""pretty girl posts on Internet to make money"" that have been around from the start, all brought together onto one, known and accessible platform! (Oh, and a couple of weird hobbists that, for some reason, made an Onlyfans to paint models or something)",Yes,,,,"Ooh, there's the 'supposed' personal connection, obviously. A sense of exclusivity as well. (You get content before others!) I would think another big one would be that it feels like you are directly contributing to the work of the individual woman, rather than some big company! Whenever I consider subscribing, it is a combination of all of these. 

It's silly, but wanting to contribute to her success, moreso than just a view or a like, is really enticing!"
3/17/2026 15:50:21,I am a former Onlyfans subscriber,3,6-10,$50-250,monthly subscriptions,"Sexual attraction to a creator, The explicit content., Curiosity.",Kind of,1,Reddit,No,I already assume this was happening,sex work,Yes,"when maketing is exaggerated (""watch my hotdog video"" - there is no hotdog video), When pricing isn't clear, When custom attention is not really custom","An in theory safer alternative to sexwork in Person, which also come with the same dependancy risks or being pushed or forced into this work „regular“ sexwork does ",Maybe/Not sure,I rarely kept paying and rather „Explore someone new” but came back a few times to 2-3 creators. Usually because their price structure was clear and good value for money(Everything described is available without additional PPV. PPV only for special/custom or extended stuff,"Majority off stuff being behind additional cost, like subscribing only gives access to lewd pictures and no full nude pictures or videos. (Unless explicitly disclosed before subscribing ofc)","Accounts often list what you can see when you subscribe, but then the majority of the listed things are not available when you subscribe, only if you pay for individual videos/content","In general? Attachment. With the chatting, for many OF is not just about sex but also emotion. Similar to YouTubers it feels like you start to know the person after a while. For me personally: smaller accounts/non “managed” sometimes offer “realistic” porn or pictures that feel..natural. Seeing a lewd or nude mirror selfie or normal selfie feels like something I’d receive when sexting when I was 15 (I‘m 24 now for context I guess) 
And well, that’s something “regular” porn can’t or just doesn’t offer. It’s also easier to find creators that are (at least seemingly) very “normal” people. Not models or in lots of make up. It’s just beautiful if you see someone attractive undress that still looks like someone you’d meet on the train. And that has a birthmark, or a scar or a little bit of hair under their clothes..or whatever. Because that’s just how it is sometimes. "
3/17/2026 17:04:31,I am a former Onlyfans subscriber,4,3-5,$50-250,monthly subscriptions,"The explicit content., Curiosity.",No,1,Instagram,No,I already assume this was happening,sex work,Yes,"When the person you're chatting with isn't the creator, when maketing is exaggerated (""watch my hotdog video"" - there is no hotdog video), When pricing isn't clear",addiction promoter and scam,Maybe/Not sure,,Not what I expected ,,Seems more personal
3/17/2026 17:41:02,I am a former Onlyfans subscriber,2,6-10,1000+,Custom content.,Sexual attraction to a creator,Kind of,1,P*rn Sites,Yes,Very deceived,sex work,Yes,"When the person you're chatting with isn't the creator, when maketing is exaggerated (""watch my hotdog video"" - there is no hotdog video), When pricing isn't clear, When custom attention is not really custom",late stage male loneliness epidemic simulator,Yes,feeling of exclusive access and availability of custom content,cost and availability of AI to scratch a similar itch,"yes, within a couple days of using the platform, it became clear that I wasn't talking to the creators I was subscribed to",a (fake) feeling of a more personal relationship 
3/17/2026 18:21:10,I am a former Onlyfans subscriber,1,3-5,$50-250,monthly subscriptions,"The explicit content., Hype or social media buzz, Curiosity.",Yes,3,X/Twitter,Yes,I already assume this was happening,sex work,Yes,Other,"A platform for people to sell access to some content, also used by some to chat",Maybe/Not sure,,,,"I mostly did to support creators I liked, just like subbing on twitch or YouTube. But I do think most people subscribe to seek attention and intimacy with creators, feeling a sense of exclusivity "
3/17/2026 19:46:53,I am a current OnlyFans subscriber,1,11-20,1000+,monthly subscriptions,"Sexual attraction to a creator, Emotional attraction to a creator., The ability to talk with the creator",No,3,Instagram,Yes,Very deceived,sex work,Yes,"When the person you're chatting with isn't the creator, when maketing is exaggerated (""watch my hotdog video"" - there is no hotdog video), When pricing isn't clear, When emotional intimacy is faked, When custom attention is not really custom","Only fans is a site where content creators post content that is not always but often sexual in nature, in the hopes of enticing fans to spend more money in more explicit/intimate content.",Yes,"Usually a feeling of connection to the creator, or they offer content that appeals to one of my fetishes (it's surprisingly hard to find affordable high quality kissing/gfe/softcore clips).","When they either increase the prices drastically, I find out they are being deceiptful (I'm either not talking to the creator or they offer custom content that isn't custom) or they pull the pay and pump scam (pushing increasingly more expensive messages in a short time when you are in a state of arousal).","A few times, the most recent and obvious one is where I was pressured into buying a dick rating, charging me $15 originally and then $25 and $45 for it to be ""even sexier."" Without getting to graphical, she clearly was not describing my penis. I paid close to $85 usd for a woman to describe a penis to me. I unsubbed immediately.","I can't speak for everyone, but I like thinking they like me. I think if that woman charged me $85 and just gave me bigger and bigger thank yous, I would still be subbed to her."
3/17/2026 20:01:34,I am a former Onlyfans subscriber,3,3-5,1000+,Custom content.,"The ability to talk with the creator, Curiosity.",Kind of,2,TikTok,Yes,I already assume this was happening,sex work,Yes,"when maketing is exaggerated (""watch my hotdog video"" - there is no hotdog video), When emotional intimacy is faked, When custom attention is not really custom",Capitalismmaxxxing oversexualized society ,Yes,Never subbed 2 months,Feeling of guilt/shame,just talking about content buying it and it not being the content,"feels ""special"" because it's behind a paywall"
3/17/2026 21:06:16,I am a current OnlyFans subscriber,2,20+,1000+,Chatting/sexting.,"Sexual attraction to a creator, Emotional attraction to a creator., The explicit content., The ability to talk with the creator",Kind of,3,Instagram,Yes,I already assume this was happening,sex work,Yes,"When the person you're chatting with isn't the creator, when maketing is exaggerated (""watch my hotdog video"" - there is no hotdog video)","A website that bleeds your finances under the guise of getting a personalised experience with the creators, when in fact you’re being emotionally manipulated by agencies who just want to make money off lonely people",Maybe/Not sure,"The promise of more enticing content, such as revealing more of their bodies or s*xual content that isn’t available as part of the subscription","Feeling like you aren’t getting what you want from the creator, such as a low posting frequency, not delivering on promises, or just being disappointed in the content that you have received vs what was promised","Absolutely! Quite often, creators send messages suggesting they are offering content of themselves either showing more of their bodies than they would usually post, or performing s*x acts that they usually wouldn’t show, for exorbitant fees, only for you to find that the content wasn’t as risqué as suggested after you had paid to see the content.","The sense that you are actually connecting to the person behind the content, whereas p**n sites are just faceless video uploading sites with no connection to the human who created it. "
3/17/2026 21:08:55,I am a former Onlyfans subscriber,2,1-2,Under $50,PPV messages.,"Sexual attraction to a creator, Emotional attraction to a creator.",Kind of,2,Instagram,No,I already assume this was happening,sex work,Yes,"when maketing is exaggerated (""watch my hotdog video"" - there is no hotdog video), When custom attention is not really custom",Porn/sex work,Yes,,,,Personalized feel
3/17/2026 21:38:52,"I have never subscribed, but have followed OF creators on social media",2,0,0,N/A,"Sexual attraction to a creator, Emotional attraction to a creator., The explicit content., The ability to talk with the creator",No,2,Reddit,No,Very deceived,sex work,Yes,"When the person you're chatting with isn't the creator, when maketing is exaggerated (""watch my hotdog video"" - there is no hotdog video), When pricing isn't clear, When custom attention is not really custom",Sex work that has been made much more accessible and palettable to modern society. ,Yes,,,,"The temptation for a connection. There are so many people, myself included, that are starved for any sort of emotional connection."
3/18/2026 0:50:38,I am a former Onlyfans subscriber,2,6-10,$500-1000,Chatting/sexting.,"Emotional attraction to a creator., Curiosity.",Kind of,3,Friends/Word of Mouth,Yes,I already assume this was happening,Entertainment,Yes,"when maketing is exaggerated (""watch my hotdog video"" - there is no hotdog video), Other",Extension of social media platform for both paywalled content but also promotion for the full variety of their business.,Maybe/Not sure,"My first couple subs I actually came from a cam site, so OF turned out to be bland by comparison. It was just a way of continuing support for the creator I had already been conversing with prior to joining.  They've since stopped so I've stopped as well (for a few years now).","The ones I subscribed for curiosity I typically stop after one month (promo period). I've never typically created a ""conversational relationship"" with those I found off OF itself.","The first creator I initiated conversation via OF (rather than coming from a cam site) didn't really respond to me even with very courteous, simple/mundane questions. A tip of about $20 got her attention with a thank you response, but she still didn't answer any of my questions. She didn't reply after two more tips. While I knew her online activity was sporadic due to moderate personal reasons, I wasn't really willing to wait much longer. My personal attitude regarding tips were that they were purely gifts with very little expectation of return, so there was no justification for me to pursue.  I didn't really feel deceived, but more that I just felt jaded with online ""parasocial interactions"" in general at that time.  She was small enough of a creator that I didn't expect her to have help managing her DMs, and it kind of showed lol.  (At that time, there was already talk about bigger creators employing help, so the smaller creators were already advertising their own personal involvement; i.e. without help in the DMs.)","OF is supposed to accommodate a personalized experience via chatting, but most of the times I've only ever subscribed out of curiosity through special discounts they were offering at the time, so I'm guessing there's also exclusive content appeal.  Again, I came from more ""intense"" sources, so it doesn't appeal to me in either respect after checking it out for a little bit, but I could see it working for a little while longer for those who are new to it or are okay with the spicy drip feed.  I've since left interacting with the industry due to changing personal circumstances and generally growing out of it.

Thank you for this questionnaire! I enjoyed filling it out as a bit of a jaunt down memory lane, and I love that *you* put something like this out after I've already enjoyed your fantastic content! 😏 Thanks, My Favorite Foid! 😆 (tbh I don't know what that actually means--other than your mention of it--since I don't interact with reddit.)"
3/18/2026 1:20:28,I am a former Onlyfans subscriber,1,3-5,$50-250,PPV messages.,"Sexual attraction to a creator, The explicit content.",Kind of,1,Instagram,No,I already assume this was happening,sex work,Yes,Other,"Women’s way of commodifying their own bodies, instead of that being done by men like the past 100 years",Yes,,Feeling pathetic ,,"I think porn has normalised alot of bizarre fetishes, and OF allows most people to seek out more of that specific content."
3/18/2026 1:54:50,I am a former Onlyfans subscriber,1,3-5,$250-$500,PPV messages.,"Sexual attraction to a creator, The explicit content., Curiosity.",Kind of,1,Reddit,No,I already assume this was happening,Entertainment,Not sure,"when maketing is exaggerated (""watch my hotdog video"" - there is no hotdog video), I don't think it's a scam",Democratization of the porn industry. Bandcamp for indie porn artists,Yes,,Buyer’s remorse — porn on the Internet has been free my whole life. When I pull out the wallet I’m feeding into my addiction ,"Misleading (not false) advertising on the ppv videos I purchased, highly disappointed by what I ended up getting, spent a lot of money, realized onlyfans is meant to be some real high quality premium shit lol ","It feels specific and individualized. It’s a certain type of porn that doesn’t always necessarily feel available in the mainstream. I called it democratization earlier — all sorts of folks who weren’t normally doing porn are on there now, and I believe there’s something in there for everyone. 
I also assume that the models make a lot more money off of OF than they would through pornhub or a contract with one of the big companies or something, and I also assume that they have a lot more control over the content and its distribution, but I wonder if the onlyfans industry is just as predatory and gross…"
3/18/2026 2:10:43,I am a current OnlyFans subscriber,1,3-5,1000+,PPV messages.,"Sexual attraction to a creator, The explicit content., Curiosity.",Kind of,2,Instagram,No,I already assume this was happening,sex work,Not sure,"when maketing is exaggerated (""watch my hotdog video"" - there is no hotdog video), When pricing isn't clear",A place to see nude people doin it,Yes,I like the one creator I follow and their content.,Lack of interesting content,"Yes. Very recently. I was told I would instantly unlock a sex tape if I joined their ""special club."" Joining the club consisted of paying for multiple PPV messages, each more expensive than the last. I was lied to about the number of messages I had to pay for , and after spending $1500 I was ghosted without anything I paid for","The mystique of seeing someone on social media nude. The fact that you can see an attractive person make a sexually charged meme, click on their profile, and pay to see them nude can be exciting. I don't care for the messaging much personally, but that can probably be an appeal too"
3/18/2026 5:20:57,I am a former Onlyfans subscriber,4,6-10,$50-250,monthly subscriptions,"Sexual attraction to a creator, The explicit content., Curiosity.",Kind of,1,Reddit,Yes,I already assume this was happening,sex work,No,"when maketing is exaggerated (""watch my hotdog video"" - there is no hotdog video), When pricing isn't clear",Just another Porn website but you can pay for a single actress/actor,No,I only pay for a month at a time as a way to tip for the free content I've found ,Lack of regular content ,,Knowing the creator and then getting to see them naked
3/18/2026 7:24:45,I am a former Onlyfans subscriber,3,1-2,Under $50,monthly subscriptions,"The explicit content., Curiosity.",Kind of,1,Reddit,No,I already assume this was happening,sex work,Not sure,I don't think it's a scam,Exclusive porn platform ,Maybe/Not sure,,,,Feeling if exclusiveness 
3/18/2026 7:42:40,I am a former Onlyfans subscriber,5,3-5,Under $50,monthly subscriptions,The ability to talk with the creator,Kind of,5,P*rn Sites,Yes,I already assume this was happening,sex work,Yes,I don't think it's a scam,Digital sex work. ,No,"I'm an OF content creator, and sex work researcher.  I subscribe to other models as a way of showing solidarity, and a level of seriousness in my desire to chat with them. ",I subscribe for as long as it takes to build professional trust. ,No. But I don't sub looking for the same things from the interaction as most cis men. Treat my data accordingly. ,Manufactured authenticity 
3/18/2026 8:24:10,I am a former Onlyfans subscriber,2,3-5,Under $50,monthly subscriptions,Sexual attraction to a creator,No,1,Reddit,No,I already assume this was happening,sex work,Yes,"When the person you're chatting with isn't the creator, When pricing isn't clear",Influencer style pornography,No,,"Lack of content, requirement for more money to access it. ",“Subscribe for access to content” usually means subscribe for access to PAY for content. Works out to be a subscription + pay per view service. ,"I have personally subscribed for access to something specific I was looking for. It feels more intimate/personalised I.e. just for me, as opposed to general porn made for as many people as possible. 
I think this is a pretty normal, healthy way to access it. I think people get too attached and expect a relationship or something when that just isn’t the case. Onlyfans creators are only flirting in the same way waitresses are, they want more money. They’re not actually in love with you. "
3/18/2026 9:06:50,I am a current OnlyFans subscriber,2,6-10,$500-1000,monthly subscriptions,"Sexual attraction to a creator, Emotional attraction to a creator., The explicit content., Curiosity.",Kind of,3,Reddit,Yes,I already assume this was happening,sex work,Not sure,"when maketing is exaggerated (""watch my hotdog video"" - there is no hotdog video), When pricing isn't clear, When emotional intimacy is faked",Uber for porn,No,Emotional connection ,Cost,,Feels more personal
3/18/2026 9:14:17,I am a current OnlyFans subscriber,3,3-5,Under $50,monthly subscriptions,"Sexual attraction to a creator, The explicit content.",Yes,3,Instagram,No,I already assume this was happening,sex work,No,"when maketing is exaggerated (""watch my hotdog video"" - there is no hotdog video), When custom attention is not really custom",It's a site where you can pay for your porn if you have a particular fancy rather than scrolling through pornhub for hours,Maybe/Not sure,I usually only subscribe for a month at a time,I want more variety,"I don't really chat to models, there's no emotional connection. I pay for a service, they provide it.","You subscribe to the people you like most, meaning it's more curated than pornhub and the like"
3/18/2026 9:28:14,I am a former Onlyfans subscriber,4,1-2,Under $50,monthly subscriptions,Curiosity.,No,2,Friends/Word of Mouth,Yes,I already assume this was happening,sex work,Not sure,"when maketing is exaggerated (""watch my hotdog video"" - there is no hotdog video)",A lot of different things! Its a way for small creators to make a few extra bucks here and there and its also a money machine for those willing/able to hire full time staff,No,"only paid for a couple months, it was a friend of mines account and I wanted to support her",1) i didn't like all the automated messages that assumed I was a honey guy when in fact i'm a asexual transwoman so getting messages in my inbox about wanting to see my d*** wasn't fun. Also because it was a friend of mine it was hard not to want to comment jokes on her posts when I knew she was trying to be all sexy and serious.,"No it seems pretty obvious to me that any creator with more than handful of followers is going to have staff doing a good bit of the work. Something not mentioned here - I think I would most feel decieved if I thought I was supporting an individual creator (with or without staff) but found out that person was just an employee of a larger agency that they don't own or don't have a financial stake in. Like, I would want to give the creator money - not give some big company money that exploits models.","interactivity, the potential to 'stand out / be noticed' amongst the fans, illusion of intimacy "
3/18/2026 13:10:25,I am a former Onlyfans subscriber,3,1-2,Under $50,monthly subscriptions,"Sexual attraction to a creator, Emotional attraction to a creator., The explicit content., Curiosity.",Kind of,1,Instagram,No,I already assume this was happening,sex work,Yes,"when maketing is exaggerated (""watch my hotdog video"" - there is no hotdog video), When pricing isn't clear, When emotional intimacy is faked",porn+,Yes,,saw what I wanted,,implied connection/pay walled content
3/18/2026 13:11:51,I am a current OnlyFans subscriber,4,20+,0,N/A,"Sexual attraction to a creator, The explicit content.",Kind of,1,Instagram,No,I already assume this was happening,sex work,Yes,"When the person you're chatting with isn't the creator, when maketing is exaggerated (""watch my hotdog video"" - there is no hotdog video), When pricing isn't clear, When custom attention is not really custom","A porn site, with the ability for more or less custom videos and chats.",Yes,,,,"Feels like an Instagram with nudes, not like a porn site."
3/18/2026 13:12:03,I am a former Onlyfans subscriber,4,1-2,Under $50,monthly subscriptions,"Sexual attraction to a creator, Emotional attraction to a creator.",No,1,Instagram,Yes,I already assume this was happening,sex work,Yes,"When the person you're chatting with isn't the creator, when maketing is exaggerated (""watch my hotdog video"" - there is no hotdog video), When pricing isn't clear, When emotional intimacy is faked, When custom attention is not really custom","Onlyfans was once a platform for fans to talk to creators, not necessarily in any sexual manner. Now it is full of grifters, scams and even AI generated accounts.",Yes,If the creator posts good content on their page, unsubscribe once I find out they just sell overpriced content in dms while their page only shows pics that show less than their Instagram does,"Yes, their page ended up being full of AI content","Realistically it's the attraction to that specific person. As well a LOT of mainstream pornstars have gone to onlyfans. Some of my own favorites no longer do any type of mainstream porn and only have an onlyfans, yet on that onlyfans content is scarce or old content re-uploaded. While a lot of the ones i have interacted with charge insane amounts of money for a 5 minute clip (a pornstar kora noir asked 500 dollars for one) it in a way feels better to pay it directly to the creator than giving it to a pornsite"
3/18/2026 13:13:55,I am a current OnlyFans subscriber,3,20+,Under $50,PPV messages.,"Sexual attraction to a creator, The ability to talk with the creator, Curiosity.",Kind of,3,Reddit,Yes,Slightly misled,A form of online fantasy,Yes,"When the person you're chatting with isn't the creator, when maketing is exaggerated (""watch my hotdog video"" - there is no hotdog video), When custom attention is not really custom",A porn site,Maybe/Not sure,"Nothing, I let subscriptions expire",Cost ,,The promise of attention and personalization 
3/18/2026 13:48:37,I am a former Onlyfans subscriber,4,20+,1000+,PPV messages.,"The explicit content., Hype or social media buzz",Kind of,1,P*rn Sites,No,I already assume this was happening,A form of online fantasy,Yes,When pricing isn't clear,A fantasy to believe you know a famous person on a intimate level ,Maybe/Not sure,On OF I just pay if I forget the subscription is on. On other sites the premium content and discounts for subscribers ,Ppv on subscription ,Meeting the Creston on Livestream and on chat the don't even knew they had a streaming going on ,"Diversity on porn. More ""homemade"" with studio quality 
"
3/18/2026 15:27:18,I am a former Onlyfans subscriber,4,3-5,$250-$500,PPV messages.,"Sexual attraction to a creator, The explicit content.",Kind of,1,Instagram,No,I already assume this was happening,sex work,Yes,"when maketing is exaggerated (""watch my hotdog video"" - there is no hotdog video), Other","It's primarily a clips site, but it has the potential of sucking some lonely and misguided folks into a false sense of relationship, similar to WifeGPT",Maybe/Not sure,,Too expensive for the content being sold,"Typical bait and switch where the inital PPV payment only gives a part of the promised content, and the creator pushes for more tips to unlock the rest. In a simple sentence - lack of transparency on what is expected for a given price. ","Novelty. It isn't just about porn, it's about intimate content created by a person you are at least a little parasocial towards (whether you accept it or not)"
3/18/2026 15:45:07,"I have never subscribed, but have followed OF creators on social media",3,0,0,N/A,Curiosity.,No,1,Instagram,No,I already assume this was happening,A form of online fantasy,Yes,"When the person you're chatting with isn't the creator, when maketing is exaggerated (""watch my hotdog video"" - there is no hotdog video), When pricing isn't clear, When emotional intimacy is faked, When custom attention is not really custom","Onlyfans is looking behind the scenes of a content creator, but I don't know why someone would be so obsessed with someone that they choose to pay for a peek inside their life or spicy content.",Yes,Never subscribed,N/A,"My friend has a friend who is doing well on Onlyfans, and she pays people in Pakistan to chat for her. It's cheap to hire them, so she does. It makes her money in the end. ","To be honest, I have no idea. I think it's someone that the person is obsessed with and wants to have. But it's a fake version of the creator in the video. It's just lust, the desire to have a girl, so the girl makes her easy to get ($5.00). The man buys it because all his hopes and dreams are behind a paywall. 
I do wonder what kind of post nut clarity the men have after paying for onlyfans. I don't think it can be good, but you would have to ask them. I have so many thoughts on the porn industry and onlyfans (all of which are bad), I even do things that fight against it. This whole thing is just sad."
3/19/2026 1:09:27,I am a former Onlyfans subscriber,2,1-2,Under $50,monthly subscriptions,"Sexual attraction to a creator, The explicit content., Curiosity.",Yes,2,Reddit,Yes,Slightly misled,sex work,Yes,"when maketing is exaggerated (""watch my hotdog video"" - there is no hotdog video), When pricing isn't clear",It's to hookers what telehealth is for doctors,No,,"I saw the content, didn't feel the need to stick around",,"A specific niche, in my case an ethnicity and a language "
3/19/2026 1:30:28,"I have never subscribed, but have followed OF creators on social media",1,0,0,N/A,The explicit content.,No,3,Instagram,No,Very deceived,sex work,Yes,"When the person you're chatting with isn't the creator, when maketing is exaggerated (""watch my hotdog video"" - there is no hotdog video), When custom attention is not really custom",Paid porn,Maybe/Not sure,,,,Exclusivity and custom experience
3/19/2026 2:37:07,"I have never subscribed, but have followed OF creators on social media",1,1-2,Under $50,monthly subscriptions,Curiosity.,Yes,1,X/Twitter,No,I wouldn't care,A form of online fantasy,Yes,"when maketing is exaggerated (""watch my hotdog video"" - there is no hotdog video), When pricing isn't clear",An online platform meant to exploit legal blind spots so people can merchandise their sexuality cutting the porn productors,No,Not paying atm,I had curiosity to see what was it about. Curiosity was satisfied,No,I believe it's the ilussion of closeness to the creator. A parasocial relationship
3/19/2026 4:33:35,I am a former Onlyfans subscriber,3,1-2,$50-250,monthly subscriptions,"Sexual attraction to a creator, The explicit content.",Kind of,2,P*rn Sites,No,I already assume this was happening,sex work,Yes,"When the person you're chatting with isn't the creator, When pricing isn't clear, When emotional intimacy is faked",McKinsey's solution to make porn sites more profitable,Yes,No download availability. I subscribed for one niche video (payed extra) but thought I had to pay the monthly fee to be able to watch it.,It's too pricey for nothing. Also trying to quit porn.,"No, I didn't use OnlyFans for intimacy but only for high-quality bisexual content.",High quality content in sexual niches often has a cost and OnlyFans is a direct way to access it if the teaser was thrilling.
3/19/2026 13:04:49,I am a former Onlyfans subscriber,1,3-5,$50-250,PPV messages.,"Sexual attraction to a creator, The explicit content.",Kind of,1,P*rn Sites,No,I already assume this was happening,sex work,Yes,"When the person you're chatting with isn't the creator, When emotional intimacy is faked, When custom attention is not really custom",Expensive porn social media,Yes,Novel content,Depression,"Only chatted a few times, spent like $100 I think on two ppv video messages in one chat. They were meh and not worth 50 each. But I quit after that because I was dumbfounded with myself that I would spend 100 on mediocre videos that weren’t even like real. ",Fantasy of connection and validation. 
3/19/2026 16:22:23,I am a former Onlyfans subscriber,3,20+,$500-1000,PPV messages.,"Sexual attraction to a creator, Emotional attraction to a creator., The ability to talk with the creator, Curiosity.",Kind of,1,Instagram,Yes,I already assume this was happening,A form of online fantasy,Yes,"When the person you're chatting with isn't the creator, when maketing is exaggerated (""watch my hotdog video"" - there is no hotdog video), When pricing isn't clear, When emotional intimacy is faked, When custom attention is not really custom",Honestly it’s a place that capitalizes on the insecurities of mainly men. Emotionally manipulating men into spending astronomical amounts of money for what they feel like is attention. Usually just a bot unfortunately. I can say this because I was one of the lonely losers who fell for it. ,Yes,I’ve never renewed a subscription lol,They are all just really fake. Haven’t found a single one where it doesn’t feel like it’s a firm managing the account activity. ,Every single time. They all feel like bots yet I keep falling for it. ,I really think it’s the feeling of attention that they crave. 
3/19/2026 18:43:50,I am a former Onlyfans subscriber,3,3-5,$50-250,monthly subscriptions,"Sexual attraction to a creator, The explicit content., Curiosity.",Kind of,1,Reddit,No,Slightly misled,sex work,Yes,"when maketing is exaggerated (""watch my hotdog video"" - there is no hotdog video), When pricing isn't clear, When custom attention is not really custom",An online platform where creators are able to sell content deemed inappropriate on more traditional websites. ,Maybe/Not sure,,I didn’t have enough money to keep myself subscribed. ,No. ,Either people want custom material or the act of subscribing makes people feel like they have a personal connection. 
3/19/2026 18:54:01,"I have never subscribed, but have followed OF creators on social media",3,0,0,N/A,"Sexual attraction to a creator, The explicit content., Hype or social media buzz, Curiosity.",Yes,3,Instagram,No,I wouldn't care,Entertainment,Yes,"when maketing is exaggerated (""watch my hotdog video"" - there is no hotdog video)",it USED to be a platform like patreon for actual small creators and artists but now it’s pretty much just a platform where girls show they tits for money,Yes,,,,i think it’s the personal connection they have with the model. pornhub can’t create parasocial relationships with the pornstar but the features of onlyfans makes it more probable to build such parasocial relationships
3/19/2026 20:20:44,I am a current OnlyFans subscriber,2,20+,1000+,monthly subscriptions,"Sexual attraction to a creator, Emotional attraction to a creator., Curiosity.",No,1,Instagram,Not sure,Slightly misled,sex work,Yes,I don't think it's a scam,In theory it should be people allowing themselves to do porn without oversight. In practice its a site selling the fantasy of being with them.,Yes,Some content I really enjoy and I can't find elsewhere.,The cost and how much free porn is our there.,,The supposed personal connection along with the idea that you can't find with content elsewhere.
3/19/2026 21:28:15,I am a former Onlyfans subscriber,2,3-5,0,N/A,"Sexual attraction to a creator, Emotional attraction to a creator., The explicit content.",Kind of,2,Reddit,Yes,Very deceived,sex work,Yes,"When the person you're chatting with isn't the creator, when maketing is exaggerated (""watch my hotdog video"" - there is no hotdog video), When pricing isn't clear, When custom attention is not really custom","OnlyFans is like Pateron, but all the creators are pornstars and you're encouraged to dm and build 'relationships' with them.",Maybe/Not sure,I've only subscribed at free teirs to see more content from models I liked.,"Gaps of quitting porn, using different sites (PornHub, Reddit)",,"I think a lot of people are lonely and struggle with real-life relationships.

I started using OnlyFans when I found some models/pornstars I really liked and wanted to see more content from them specifically.  Oftentimes it was just a strong physical attraction and a 'vibe', almost like a digital 'chemistry' that made me want to see more of them.

Personally I never chatted with creators - I think a lot of people that do keep using OnlyFans for the emotional intimacy that provides.  But even without interacting directly, I feel like routinely logging on and seeing the same few familiar models creates some sort of emotional connection and level of comfort, like watching videos from the same Youtuber or following a streamer. "
3/20/2026 15:19:04,I am a former Onlyfans subscriber,3,3-5,1000+,PPV messages.,"Sexual attraction to a creator, The explicit content., The ability to talk with the creator, Curiosity.",Kind of,1,Instagram,Yes,I already assume this was happening,A form of online fantasy,Yes,"when maketing is exaggerated (""watch my hotdog video"" - there is no hotdog video), When pricing isn't clear, When custom attention is not really custom","It’s lonely men paying to message creators, or who they think are the creators",Yes,"Novelty, dopamine rush of the messaging even if I know it’s a chatter not the actual creator ",Novelty wears off,No,Because it feels more personal even if it’s actually not 
3/21/2026 3:03:33,I am a former Onlyfans subscriber,1,20+,$500-1000,Custom content.,"Sexual attraction to a creator, The explicit content., Curiosity.",Kind of,1,Reddit,Yes,Slightly misled,sex work,No,"when maketing is exaggerated (""watch my hotdog video"" - there is no hotdog video)","The new strip club - spend a lot of money to alleviate a little loneliness, and then feel bad about it when you open the proverbial wallet the next day ",Yes,Rarely did I stay subscribed - once to get at all their content and then I wouldn't renew,I accepted I had a porn addiction and after many false attempts I was finally able to break free - or at least I have been for up to nearly 3 months,Not really. I accepted the chatters are just part of it. Fair enough. Garn get yer money grrl,"The illusion of relationship, combined with the amount of content available of someone you find attractive, and their ability to sell themselves "
3/24/2026 14:46:35,"I have never subscribed, but have followed OF creators on social media",2,0,0,N/A,The explicit content.,Kind of,1,Instagram,No,I wouldn't care,sex work,Yes,"when maketing is exaggerated (""watch my hotdog video"" - there is no hotdog video)",the downfall of humanity,No,,,,cuz they are mentally destroyed from every angle